model,feature_set,mae,r2,pw20
linear,clinical,10.860,0.222,0.354
elastic_net,clinical,11.339,0.169,0.335
random_forest,clinical,11.427,0.119,0.355
mlp,clinical,10.731,0.217,0.363
stacking_ensemble,clinical,10.808,0.228,0.356
xgboost,clinical,12.283,0.018,0.320
tabpfn,clinical,10.614,0.247,0.371
catboost,clinical,10.550,0.250,0.374
linear,genetic,10.099,0.305,0.400
elastic_net,genetic,11.149,0.172,0.360
random_forest,genetic,10.165,0.296,0.394
mlp,genetic,10.090,0.309,0.403
stacking_ensemble,genetic,10.062,0.312,0.405
xgboost,genetic,10.253,0.285,0.386
tabpfn,genetic,9.924,0.317,0.401
catboost,genetic,9.977,0.308,0.402
linear,combined,9.078,0.419,0.445
elastic_net,combined,10.440,0.272,0.374
random_forest,combined,9.214,0.415,0.428
mlp,combined,9.006,0.412,0.445
stacking_ensemble,combined,9.046,0.431,0.447
xgboost,combined,10.047,0.312,0.407
tabpfn,combined,8.664,0.463,0.446
catboost,combined,8.762,0.454,0.455
autogluon_extreme_quality,combined,8.552,0.475,0.466
