group,n,coverage
overall,1207,0.8898094449047225
African American,5,0.6
African-American,24,0.7916666666666666
Asian,4,1.0
Black,73,0.9041095890410958
Black or African American,52,0.8653846153846154
Caucasian,124,0.8629032258064516
Chinese,28,0.9285714285714286
Han Chinese,45,0.9777777777777777
Hispanic,2,1.0
Indian,11,1.0
Intermediate,14,0.8571428571428571
Japanese,170,0.8647058823529412
Korean,53,0.9245283018867925
Malay,18,1.0
Other,1,1.0
Other Mixed Race,2,1.0
Pacific Islander,1,1.0
White,493,0.896551724137931
