feature,importance
VKORC1.AA,6.9796918004588235
VKORC1.AG,4.281049198499439
Age,3.13380474817688
Weight,2.154942169980774
Height,1.5839350485633847
CYP2C9.13,1.2263925443015407
Amiodarone,1.1990720669754664
CYP2C9.12,1.175340300907597
CYP2C9.other,0.7006749339619106
Gender,0.4812565496490841
Enzyme,0.2539641179225791
Height & VKORC1.AA,0.04015684589157129
Weight & Gender,0.03454210421789308
Amiodarone & VKORC1.AA,0.0261807419863705
Gender & VKORC1.AA,0.02524692020382924
Weight & VKORC1.AA,0.02373951450811034
Age & CYP2C9.12,0.022957736545884202
Gender & VKORC1.AG,0.022560386538029668
Age & Gender,0.020746993926082653
Age & VKORC1.AA,0.019950665649652515
Height & VKORC1.AG,0.019917970853141957
Age & Amiodarone,0.01805336099859387
Weight & Amiodarone,0.016627104175698612
Enzyme & Gender,0.01627205867940053
Weight & Age,0.015105511487561922
Weight & Enzyme,0.014504965821749944
Amiodarone & CYP2C9.12,0.01310562339497635
Age & CYP2C9.other,0.013001631928372559
Weight & CYP2C9.other,0.012660239177447309
Height & CYP2C9.13,0.012550011600030815
Age & Enzyme,0.01253776641796353
Weight & CYP2C9.12,0.01237441760306331
Height & Age,0.012258550743378407
Height & Amiodarone,0.011501156158689494
VKORC1.AG & CYP2C9.other,0.011409214847538339
Weight & VKORC1.AG,0.011398869196383969
Weight & Height,0.011215973637121372
Age & CYP2C9.13,0.01105659695852616
Enzyme & VKORC1.AG,0.010745034005704588
Amiodarone & CYP2C9.other,0.01058770029846971
Age & VKORC1.AG,0.010009062663768586
Weight & CYP2C9.13,0.009430007267041083
Gender & CYP2C9.12,0.009337447966268833
Gender & CYP2C9.13,0.009272857876361028
VKORC1.AA & CYP2C9.12,0.007991649036001377
VKORC1.AG & CYP2C9.12,0.007729553731444312
Height & CYP2C9.12,0.007501303456053004
Height & Enzyme,0.007446553849876976
Height & Gender,0.007345373901933043
VKORC1.AG & CYP2C9.13,0.006574371512929632
Amiodarone & VKORC1.AG,0.006219351313291372
Enzyme & Amiodarone,0.004525765928803039
Amiodarone & CYP2C9.13,0.004320864963660745
Height & CYP2C9.other,0.0037730521540620056
Gender & CYP2C9.other,0.002614758924565411
VKORC1.AA & CYP2C9.13,0.0025693156695052667
Amiodarone & Gender,0.0022437103644377446
VKORC1.AG & VKORC1.AA,0.002202418113729973
Enzyme & CYP2C9.13,0.0015154648981037175
VKORC1.AA & CYP2C9.other,0.0008760519285493808
Enzyme & VKORC1.AA,0.0007712128478517209
CYP2C9.12 & CYP2C9.other,0.0002905876120908329
Enzyme & CYP2C9.12,0.00019651266999253227
CYP2C9.12 & CYP2C9.13,0.00018969901935675143
Enzyme & CYP2C9.other,0.0001890891752207222
CYP2C9.13 & CYP2C9.other,8.582012278399445e-05
